{"mean": [756.568018762358, 5193.632357257711, 5413.11479578296, 1195.758257778942, 4945.551511920785, 981.8796333062917, 21026.94834225532, 885.7503744316026, 2531.4991368170117, 706.8823607465889, 689.2183922232141, 1701.4122507584002, 4612.814214892268, 715.4610936522213, 522.9568838638371, 3298.401955461285, 1784.7752068542934, 1518.8888085997494, 323.70375730450974, 4194.7322567275805], "std": [414.05855355171775, 2407.478566471012, 2484.3968508637627, 500.92074434870887, 3551.564351733993, 594.0829575773288, 13860.066598652724, 636.4141785709276, 1020.8780900839213, 530.1423817711699, 522.9193756929955, 914.5905867492673, 1741.5844571712325, 516.4685169914997, 312.13512149060585, 2053.8173865585263, 1032.8154396542704, 786.3115543260056, 219.57791970444612, 1629.230221882386]}