{"mean": [11355.400628877811, 6.876373626373627, 5.805494505494505], "std": [2185.7392023520115, 2.005272454965931, 3.47013958098349]}